campaign,segment,spend_usd,impressions,playable_loads,first_interaction,end_card_reached,cta_clicks,conversions,CPM_USD,CPC_USD,cost_per_conversion_USD,load_rate_pct,interaction_per_load_pct,end_per_interaction_pct,click_per_end_pct,CTR_per_impression_pct,conversion_per_click_pct,conversions_per_1000_impressions
Puzzle Game X,US / iOS,8400.0,420000.0,391000.0,262000.0,148000.0,21800.0,3050.0,20.0,0.3853211009174312,2.7540983606557377,93.0952380952381,67.0076726342711,56.48854961832061,14.72972972972973,5.190476190476191,13.990825688073395,7.261904761904762
Puzzle Game X,US / Android,6100.0,380000.0,349000.0,219000.0,118000.0,17100.0,2390.0,16.05263157894737,0.3567251461988304,2.5523012552301254,91.84210526315789,62.750716332378225,53.881278538812786,14.491525423728813,4.5,13.976608187134502,6.2894736842105265
Puzzle Game X,DE / iOS,2900.0,150000.0,141000.0,97000.0,58000.0,9300.0,1210.0,19.333333333333332,0.3118279569892473,2.396694214876033,94.0,68.79432624113475,59.79381443298969,16.03448275862069,6.2,13.010752688172044,8.066666666666666
Puzzle Game X,DE / Android,2600.0,135000.0,118000.0,61000.0,29000.0,4100.0,510.0,19.25925925925926,0.6341463414634146,5.098039215686274,87.4074074074074,51.69491525423729,47.540983606557376,14.137931034482758,3.037037037037037,12.439024390243903,3.7777777777777777
Grocery App Y,US / iOS,7200.0,300000.0,282000.0,158000.0,71000.0,8900.0,640.0,24.0,0.8089887640449438,11.25,94.0,56.02836879432624,44.936708860759495,12.535211267605634,2.966666666666667,7.191011235955056,2.1333333333333333
Grocery App Y,US / Android,5300.0,260000.0,238000.0,121000.0,49000.0,5600.0,360.0,20.384615384615383,0.9464285714285714,14.722222222222221,91.53846153846153,50.84033613445378,40.49586776859504,11.428571428571429,2.1538461538461537,6.428571428571429,1.3846153846153846
Grocery App Y,TR / iOS,900.0,90000.0,86000.0,61000.0,38000.0,6200.0,520.0,10.0,0.14516129032258066,1.7307692307692308,95.55555555555556,70.93023255813954,62.295081967213115,16.31578947368421,6.888888888888889,8.387096774193548,5.777777777777778
Grocery App Y,TR / Android,1000.0,110000.0,96000.0,58000.0,30000.0,4800.0,290.0,9.090909090909092,0.20833333333333334,3.4482758620689653,87.27272727272727,60.416666666666664,51.724137931034484,16.0,4.363636363636363,6.041666666666667,2.6363636363636362
Puzzle Game X,TOTAL,20000.0,1085000.0,999000.0,639000.0,353000.0,52300.0,7160.0,18.433179723502302,0.3824091778202677,2.793296089385475,92.07373271889401,63.96396396396396,55.242566510172146,14.81586402266289,4.820276497695852,13.690248565965582,6.599078341013825
Grocery App Y,TOTAL,14400.0,760000.0,702000.0,398000.0,188000.0,25500.0,1810.0,18.94736842105263,0.5647058823529412,7.955801104972376,92.36842105263158,56.6951566951567,47.23618090452261,13.563829787234043,3.3552631578947367,7.098039215686274,2.3815789473684212
Puzzle Game X,geo=US,14500.0,800000.0,740000.0,481000.0,266000.0,38900.0,5440.0,18.125,0.37275064267352187,2.6654411764705883,92.5,65.0,55.3014553014553,14.62406015037594,4.8625,13.984575835475578,6.8
Puzzle Game X,geo=DE,5500.0,285000.0,259000.0,158000.0,87000.0,13400.0,1720.0,19.29824561403509,0.41044776119402987,3.197674418604651,90.87719298245614,61.003861003861005,55.063291139240505,15.402298850574713,4.701754385964913,12.835820895522389,6.035087719298246
Grocery App Y,geo=US,12500.0,560000.0,520000.0,279000.0,120000.0,14500.0,1000.0,22.321428571428573,0.8620689655172413,12.5,92.85714285714286,53.65384615384615,43.01075268817204,12.083333333333334,2.5892857142857144,6.896551724137931,1.7857142857142858
Grocery App Y,geo=TR,1900.0,200000.0,182000.0,119000.0,68000.0,11000.0,810.0,9.5,0.17272727272727273,2.345679012345679,91.0,65.38461538461539,57.142857142857146,16.176470588235293,5.5,7.363636363636363,4.05
Puzzle Game X,os=iOS,11300.0,570000.0,532000.0,359000.0,206000.0,31100.0,4260.0,19.82456140350877,0.3633440514469453,2.652582159624413,93.33333333333333,67.4812030075188,57.381615598885794,15.097087378640778,5.456140350877193,13.69774919614148,7.473684210526316
Puzzle Game X,os=Android,8700.0,515000.0,467000.0,280000.0,147000.0,21200.0,2900.0,16.893203883495147,0.41037735849056606,3.0,90.67961165048544,59.95717344753747,52.5,14.421768707482993,4.116504854368932,13.679245283018869,5.631067961165049
Grocery App Y,os=iOS,8100.0,390000.0,368000.0,219000.0,109000.0,15100.0,1160.0,20.76923076923077,0.5364238410596026,6.982758620689655,94.35897435897436,59.51086956521739,49.77168949771689,13.853211009174313,3.871794871794872,7.682119205298013,2.9743589743589745
Grocery App Y,os=Android,6300.0,370000.0,334000.0,179000.0,79000.0,10400.0,650.0,17.027027027027028,0.6057692307692307,9.692307692307692,90.27027027027027,53.59281437125748,44.134078212290504,13.164556962025317,2.810810810810811,6.25,1.7567567567567568
